,vel x,vel y,vel z
0,5.336669818074448e-36,-1.3177457735453325e-36,-0.29380425927945
1,9.075603349305847e-35,-1.2755191333916215e-35,-0.7236604157628638
2,4.179588849995964e-14,-1.681724990143258e-07,-0.8990138081763643
3,2.9252366158929337e-15,-7.030000802551607e-07,-1.1322671217907194
4,-1.9243781016026267e-13,-1.3647236197241205e-06,-1.3067359908565306
5,-5.928741272344256e-13,-2.2977233154061786e-06,-1.5193599962731965
6,-1.6893840114136654e-12,-4.066838802971896e-06,-1.808075825114496
7,-5.389649285994062e-12,-4.808802946994356e-06,-2.037916850996488
8,-2.4712189847967013e-12,-6.700588472685014e-06,-2.2286007870819877
9,2.0760150112007374e-12,-6.819718657313365e-06,-2.4374003108072335
10,-1.0577876465073318e-12,-8.112903322761743e-06,-2.626285805557465
11,-1.810021339238075e-11,-1.0213010712891957e-05,-2.945206244438109
12,-3.01637846819901e-11,-1.0768093635090617e-05,-3.1500032904570667
13,-4.012071610095903e-11,-1.1158046382619639e-05,-3.353492580548254
14,-4.490210825592963e-11,-1.1379470713238875e-05,-3.55561007667218
15,-6.116325032695301e-11,-1.244354248272263e-05,-3.7199122279617436
16,-5.3940798269411684e-11,-1.2028413420180455e-05,-3.9554803025588847
17,-5.240090540806604e-11,-1.2013025908035135e-05,-4.0993724458197285
18,2.99961976007876e-08,0.0011024844206438498,-4.300109422629819
19,1.1396124820933926e-08,-7.193634166465222e-05,-4.419785189231531
20,1.178796838645974e-09,-3.64720842440124e-05,-4.596131052333242
21,1.9242722883028146e-10,-2.2938106650608663e-05,-4.788351532391494
22,1.902503815213575e-10,-1.829217157660508e-05,-5.16732929974505
23,1.86349114541733e-10,-1.842919435423694e-05,-5.387767903536629
24,-5.491524479386769e-10,-6.456093691107833e-05,-5.605408575128857
25,1.4004792241544946e-07,0.00829532140079686,-5.7918605890940675
26,-0.0013184836836936595,-1.538527007855679,-2.1898150822112212
27,-0.05535925065163301,-0.8087391024129951,0.8646136285435964
28,-0.03760876201709893,-0.7977777289049932,0.7422706506260021
29,-0.024393876656908196,-0.7905168024192286,0.6383894791581994
30,0.021045147473681577,-0.7903218207616165,0.516118900500507
31,0.061921283371049275,-0.7000906813949801,0.4479255071476925
32,-0.048765304179375586,-0.5383618366251662,0.47872916113701436
33,0.011024991652915832,-0.5000465513014476,0.3171137939482979
34,-0.022065774111341897,-0.45505124802226066,0.27647929264649085
35,-0.011287584016819225,-0.36800002166359647,0.19534080945464685
36,-0.00909623147105031,-0.3380459249762843,0.14780215684841344
37,-0.015536729852571719,-0.2992087201367384,0.10889806860973801
38,-0.0018948491077843451,-0.2680412873988761,0.06798916415565058
39,-0.013360799233227706,-0.20195241428952124,0.05264204112502999
40,-0.009644956206457563,-0.11806305233820058,0.03542054052838821
41,-0.0073488415046486216,-0.057365675745654064,0.01587345482584933
42,0.007108486682995269,-0.007787727560438339,0.009663504802934746
43,-0.008117582852209449,0.04522741231309005,-0.028536018863993835
44,-0.005102385450430168,0.10161728309435436,-0.032714606864754414
45,0.00354490733277551,0.1435659336124298,-0.03988552368445197
46,0.00807125508410422,0.19774964924116878,-0.07579223258574547
47,-0.019029536650561348,0.2590884024537703,-0.14191325363011756
48,-0.018065979546982216,0.3132659119129827,-0.17523861187638343
49,-0.01116219148705175,0.3948348070728955,-0.18339177901176684
50,-0.008498288567389057,0.3849789620666268,-0.27633551542082463
51,-0.00357146788611634,0.44937552202413317,-0.3569547559632468
52,-0.02148920197004176,0.5174189311661017,-0.4299315961588128
53,-0.026164916173214092,0.5627905866594398,-0.5014687436768894
54,-0.01122955684156311,0.5901997707920589,-0.6109494087716707
55,0.03525242906543368,0.618701806374636,-0.7101675672629735
56,-0.04056557474479086,0.635236384663271,-0.7336577265853045
57,0.013842100994385072,0.08777800034534844,0.13769514929913845
58,0.015194487432701754,0.028708530961041562,0.023832370167004846
59,0.003248792435237985,-0.031567629246774614,-0.09548988266946501
60,0.03567153549762809,-0.07715332267787721,-0.018489980474263947
61,-0.0036787424927553517,0.005967989226148165,0.00483921108755743
62,-0.0015824385166120013,0.0023615211323145327,0.001413351334165723
63,-0.01005349588200646,0.01817407601639108,-0.03612013121409749
64,-0.01308241125185297,0.01401230311773935,-0.007293462486220575
65,-0.01856544807620125,0.027168788078078182,-0.025126746965868904
66,-0.01499932348602133,-0.024435155665262977,-0.00033621252567983886
67,-0.0013619622911471706,-0.00201200558704287,0.0002084453987476996
68,-0.0008023307236097794,0.003278040657057612,-0.003458162047128857
69,-0.0037188540136091075,0.020872109372330326,0.06924552030775066
70,-0.013508369039908362,-0.01626366793026051,0.007331018586962609
71,0.002093347311581116,-0.008161421554715838,0.0031639614704311765
72,0.0017931639632810207,-0.013828921606896286,0.008611715774483674
73,0.00923123395870483,1.1163075559086563e-05,0.0002493517866339577
74,0.021886140611241858,0.026386524278180716,-0.010290340527607949
75,0.008645770491178897,-0.009582851671471986,0.007894479856278669
76,0.01724562937370636,-0.02055535056432008,0.008125623258195252
77,0.018043865719114625,-0.021696649945471186,0.007044682134634318
78,0.021392175617049876,-0.0226781708290813,0.012469108569209558
79,0.02491723784150836,-0.024947989230691026,0.0164318585979513
80,0.024321914679885266,-0.03125385265431557,0.004127496614126706
81,-0.0041794329262208555,-0.00791806122724901,0.0059927846748600265
82,-0.00199945245661455,0.0009614720042962665,0.0014969138470198005
83,-0.006056449808241346,0.00667227993638869,-0.0028434433604436864
84,-0.016533467771045036,0.019411655246530213,-0.008180746025770617
85,-0.020707888771004046,0.03504109558104554,-0.023346442351291116
86,-0.007354912905674331,-0.006281537646519732,0.008913535951952926
87,-0.00726666821933619,-0.021931191771584042,0.014791050653015055
88,-0.015187210057135553,-0.025141209300458548,-0.0017048488739156119
89,-0.020432268632541238,-0.035734620418106385,-0.005859172023293523
90,0.005775971727426727,0.016815573334301587,0.0032223908534066356
91,-0.013522050943305686,-0.01897993178302993,0.003283883925187237
92,0.006579924599708599,-0.023993705110580105,0.008897816347158582
93,0.005178385738626442,-0.012395536228800944,-0.01281759084726571
94,0.002488107840867924,-0.016834920908540687,0.018872960379804227
95,0.017322363775167708,0.019917037039130368,-0.03011340411560489
96,0.006881764958573689,-0.008660155425131965,0.003069391871161599
97,0.013046864547436988,-0.02491762684876315,0.0012516179463552303
98,0.01865786668216664,-0.029141372439031654,-0.005218098716447305
99,0.00546418308611742,-0.019153367128073154,0.05095869748457986
100,-0.003223625866121571,-0.020080412205812637,0.005665511341424314
101,-0.0036247572970791076,-0.003634112335217949,0.003506519164779842
102,-0.007781452558071068,0.010171766529110214,-0.000974713162006903
103,-0.0052852300790682235,0.00518887450405886,-0.003043393775559556
104,-0.013329146282815688,0.01865526670266206,-0.0158268622779948
105,-0.02453605460670155,0.038000760803482525,-0.01614351907291171
106,-0.004596012734799218,-0.004886286295294239,0.007268869627419645
107,-0.013583492319633393,-0.0220391755970646,0.0001979894046100425
108,-0.022248393267764992,-0.02785075626586948,0.025306313007781134
109,0.004833730168785092,-0.019745518451869632,0.006138232089399804
110,0.010105317746324201,0.021838089371180116,0.0020190631375069205
111,-0.004009868121042337,0.0029258267422649564,0.02644560492216839
112,0.0015730425462395679,-0.00651949618378166,0.002013305575491977
113,0.00254626413207885,-0.01689832913391687,0.012163747976863253
114,0.009005251361512544,0.005531480493548407,0.0017290561322378037
115,0.017328105765227086,0.010311706767568748,-0.007926461239991137
116,0.011189678359566196,0.004272944648258169,-0.019268558246152884
117,0.015199992666233942,-0.018553415481623235,0.005925979815485125
118,0.017783889392760228,-0.02494275448555899,0.0003139189126909088
119,0.02233709641323932,-0.014502766754132356,0.06005912416980616
120,0.028245265967768548,-0.03072406817954965,0.014203664338779377
121,-0.0039449630117246535,-0.03294169480938079,0.00919251029452464
122,-0.003091960755345466,-0.008420043561902318,0.0039941670880473
123,-0.0026845338703233267,0.0008257208334647539,0.0020924810573447715
124,-0.007432476648201669,0.010904047084201752,-0.0035819132746180496
125,-0.01706448771051514,0.0235385466005057,-0.027537434857578914
126,-0.01791798048903393,0.021898266414274656,-0.009903650310603834
127,-0.021027267328677268,0.03582791879025761,-0.04905221797090294
128,-0.01043370147799564,-0.02164995780886133,0.00762243017256042
129,-0.015243722579148597,-0.027278701764619127,-0.0049770886370632955
130,-0.013988741147369118,-0.020934131325424807,0.0030779753018694324
131,-0.00031910628665102105,-0.0093590380723296,0.006628063418671313
132,0.0038208121440270605,0.00937666347890807,-0.0002238622992046975
133,-0.006509551519937503,-0.005760147219255791,0.006801376818898856
134,-0.0006945583166047562,-0.018104127233301653,0.014664615259038442
135,0.00711666988321326,-0.02084240504863283,0.008349554279224576
136,0.003405963603899286,-0.00501509435565558,0.0034086821267058365
137,0.0038326900551304997,-0.009239435523429297,-0.014236330482254264
138,0.0020163073774306503,-0.0134537821284355,0.01112874369940011
139,0.017014696964330958,0.018656542222436092,-0.0131439707511819
140,0.015625635561261123,-0.015054938701928618,0.012276175708598746
141,0.01040376301955137,-0.015954378005261803,-0.002000348654075869
142,0.017669308546161323,-0.027451693447162088,-0.0044934301948680415
143,0.008601130524570478,-0.011379231471894128,0.00512050848320373
144,0.013863036552032538,-0.021052888159868166,0.017043643370436692
145,-0.0036129786558151563,-0.027067060921511496,0.007841066476160712
146,-0.0038859752374622975,-0.007462164166334679,0.004462703615154922
147,-0.007584382784323507,0.013932652117030247,-0.0012481375254497426
148,-0.01107310495211917,0.01564268365893921,-0.005697984024061482
149,-0.01382195489036061,0.020888355393595355,-0.027387293893168754
150,-0.014328243634954075,0.01646465153723198,-0.00620183457003359
151,-0.021306488746993146,0.02831326489451026,-0.01624728183091631
152,-0.015085164613001623,-0.030014671519377322,0.017600401056170115
153,-0.016651822442886193,-0.02715664514584712,-0.00012435030725756885
154,-0.0037482570582465058,-0.006507870659715377,0.0018051398606479807
155,-0.0006208592872567798,-0.00021689327127882795,-0.0014834813636134328
156,-0.00016826500522465056,0.00020419105334445472,-0.00017138181611845577
157,0.00503885087437879,0.010464773012826382,0.005193354705725552
158,-0.012776618554236969,-0.016577173110572854,0.004921466421928446
159,0.002239859912255144,-0.007526786367946457,0.003222034302868791
160,0.0031843271598989134,-0.009135638466621318,0.0069452851437707235
161,0.010136275119707543,0.0033303474078583938,-0.0021975120765674767
162,0.021726512627674704,0.030806384474066396,-0.03543529925299366
163,0.009430434095809117,-0.01552331810306122,-0.0026383220353880625
164,0.0005584279608607293,-0.0034221880051625445,0.00023267459711397848
165,0.013180551117010329,-0.014050956028029488,0.007310161451711983
166,0.018719036248735825,-0.019191983743595774,0.012788382563929456
167,-0.003486984458452376,-0.013123235434207079,0.006227657467279506
168,-0.0006841602810088187,0.0005271784728215867,0.001270993180187436
169,-0.00399969248490619,0.014650195316449476,-0.003161132963749126
170,-0.019825037879410857,0.032154976479452854,-0.012061329521087915
171,-0.01896776944841308,0.02393963882134441,-0.007980537210172438
172,-0.01584488225896568,0.01908352922278511,-0.025706258812461316
173,-0.009398133938968527,-0.023529104124614546,0.0124286862350961
174,-0.015563222935175074,-0.02491624552397634,2.5164743522536337e-05
175,-0.017105196497520774,-0.02786293553302932,-0.001382033399111901
176,-0.004628728669823279,-0.02272638998366408,0.006510924546536075
177,0.0004022354592362824,0.001175128807833159,0.0011516291143868068
178,0.0012396703201118398,-0.008842881190476227,0.004539661910151843
179,-0.00900953868130283,-0.013231172231077993,0.015023486465533632
180,0.005363204886555155,-0.022415234374836567,0.007611633005972656
181,0.004012794851555266,-0.007996708517262906,0.004382010118523516
182,0.0038831329394037424,-0.008461820261051812,-0.014625516621011731
183,0.0039062437498396324,-0.008052752632418838,0.009604404850099373
184,0.015100185187798175,0.023807470551688838,-0.02090376766332152
185,0.023272048274231613,0.03842757170632467,-0.044651581203643056
186,0.008080895420003969,-0.010566165419973413,0.0035416132141138923
187,0.014165731512364214,-0.019739762404459238,0.0013864107793563514
188,0.019776682309575324,-0.021130756256160094,0.025140127838284426
189,-0.00011786445717337772,-0.0007309886520617859,0.0002535746897042064
190,0.012338223152090497,-0.010701070216192694,0.010727276927553434
191,-0.004323918311228716,0.00870434644447346,0.0044317763817993995
192,-0.016017427355662323,0.041163497553264705,-0.024715688626488454
193,-0.015396757822467499,0.01827299878928191,-0.007277066392074184
194,-0.013946639758711236,0.011813521287199633,-0.00537961746842297
195,-0.014427787137569361,-0.018648912165317468,0.007670383729757636
196,-0.018680391835349235,-0.02165124861307143,0.02153085527859214
197,-0.02002160216742716,-0.03540001147040109,-0.004384653634068637
198,-0.002224607247312814,0.012927288358547461,0.06040583280074027
199,-0.008934174593362498,-0.003375769438721865,0.022164600994770092
200,-0.014528052430030147,-0.019290031706247962,0.005204462196374375
201,0.004407627956724402,-0.013249254995773074,0.0074037675012201196
202,0.002526004383382598,0.00043619823340480986,0.002060572741817441
203,0.006921013347067489,0.008494520721401123,-0.0034409975208943774
204,0.004203319169602487,-0.006617467436593624,0.01023935261639726
205,0.019218219995124707,0.02222295146074101,-0.010720979190621517
206,0.005479769827833452,-0.023310026195117663,0.019646775446535918
207,0.017685808443334,-0.022198296259985845,0.023679066430449303
208,0.016781710851699966,-0.022308294923996365,0.0028272457427768252
209,0.021526712324266825,-0.02675360882594986,0.005926406157461362
210,0.026225890827165654,-0.03199589173513446,0.007609075500149158
211,-0.0008637890448550132,-0.02605254811895412,0.00681841817344311
212,0.0006432149238518384,-0.0023783390986324556,-0.024163882093097395
213,-0.003989473246513223,0.005798365128476212,-0.0015445412750629758
214,-0.013963624724874299,0.015186364721222928,-0.017897458476378705
215,-0.02598911294426263,0.03257767411980155,-0.03381688698209289
216,-0.009046056247379758,-0.015148482369146548,-0.001087629306827216
217,-0.016542889443127186,-0.02587426867246214,0.00012456556660052007
218,-0.017679445521004655,-0.028829164936152438,0.00658539042677703
219,-0.006358462372589894,-0.008915753343966472,0.0014856142149542173
220,-0.0034932652727305133,-0.012795300856222835,0.009572510156658245
221,0.0017021487341898687,-0.007189285730395599,0.0020270541666255193
222,0.001269710877124399,-0.0005535690655936163,0.0011664071028549168
223,0.005563718469281879,-0.009047749475539834,0.012454168083232072
224,0.015315561264680836,0.02489419757406436,-0.01459779733320751
225,0.01667107007937357,0.022898365820510788,-0.01900548247060527
226,0.023346223105229106,0.026945925613140024,-0.015398639734135279
227,0.00615356799662032,-0.02482324250018539,0.012678866535623834
228,0.015220887105612107,-0.02247410180105246,-0.000616857822245586
229,0.023191574045198886,-0.01851535768307544,0.05884151215812153
230,0.00037271630912640713,-0.02266435679362706,0.009352464613491016
231,-0.002257985553548071,-0.009336383078273284,0.0032950889449467093
232,-0.0018182969496507177,0.0004927650823134938,0.0014214447414737617
233,-0.01418014399476851,0.018813231382165226,-0.009094850131714037
234,-0.0173982230058423,0.019920571166091413,-0.016074605242841405
235,-0.009732920900846256,-0.016697201136430386,0.00026230579411941693
236,-0.021877255560411507,-0.03348185324101465,0.0015900963894790385
237,-0.0063016053466374705,-0.019131458097047565,0.003843297652294051
238,-0.002307489331333283,0.0017879341066768797,0.040262795226886874
239,-0.0059966076266833755,-0.004092265677879153,0.008056463275978653
240,0.00171639608884139,-0.007278340228330674,0.002066808943448798
241,0.0005333934437288754,-0.004067846491024964,0.0009134091109890968
242,0.003530289075709024,-0.015311862237391782,0.01294829313214288
243,0.018100830584664825,0.02038804944223332,-0.01016245547306003
244,0.014950439449961507,-0.01702790256515193,0.009765641952183487
245,0.01708630194451732,-0.021924734320536987,0.004167497079533639
246,0.016205175192772068,-0.022020225030834284,0.0016333775095345691
247,0.02107997882077658,-0.027528987584822615,0.0036202576100760678
248,0.027621037758540537,-0.03327411284500034,0.009530878995493902
249,-0.003305666786465636,-0.026677082964510407,0.007963432229997075
250,-0.004608090908962876,-0.013381322136518277,5.862479707104823e-05
251,-0.0034195542108365787,0.005737764811679052,-0.00044796113851929
252,-0.00490557258987222,0.005257168095111277,-0.0027465344062560584
253,-0.017714736162252824,0.026609997923501754,-0.03548026512061736
254,-0.025877478857274365,0.04119510582784584,-0.03309962790168894
255,-0.009180301626041804,-0.010218445207707117,0.008618456507382233
256,-0.01764769013745625,-0.023811675938236205,0.019153134492981946
257,-0.017895707578222404,-0.028844987380329614,-0.00127725229792865
258,-0.010585894569588849,-0.025693415506116327,-0.0030739579792141286
259,0.003638174619470236,-0.022517043827499722,0.009295126201401497
260,0.0036552694073637418,-0.02581552250088212,0.010510277160827957
261,0.005510155086917683,-0.025123503315338063,0.0071070297259939255
262,0.0023952724931380963,-0.006021444542126017,0.0027085496486089107
263,0.007391782041135335,0.009810884122336563,-0.0019073514081786105
264,0.0013695453212005733,-0.007875868073299503,0.002978711901685402
265,0.0053218466530242274,-0.00536902276595436,0.01024493509038044
266,0.019571365914171832,0.013595372295482836,-0.05390857501198535
267,0.00770748935190191,-0.0188065060357099,0.016733105000043623
268,0.011670528995633292,-0.015258222828081563,0.003684317828313844
269,0.014927127175722067,-0.0220890691394536,-0.0009188496916055222
270,0.017571824333816963,-0.02748391619884688,-0.004193501699860307
271,0.0009364791050417813,-0.03547362017166715,0.01796988583435904
272,-0.006426546335404054,-0.029097449439322857,0.012172618092070518
273,-0.0036030439502337465,-0.005475375294594414,0.003762995381529983
274,-0.004332018353788949,0.007570505720350186,0.001064163468885694
275,-0.007586296049985207,0.011364693524978063,-0.01081129424249444
276,-0.013292736151404428,0.01579735569772603,-0.005013074913396295
277,-0.013657313954524079,0.022833238325302232,-0.013076720398768938
278,-0.019288440071818264,0.03290092294872376,-0.036150602022113426
279,-0.00865267578038352,-0.012685718022114245,0.0017946484406535235
280,-0.013694696936601941,-0.023308776235698804,-0.003087649619788524
281,-0.008188759023311253,-0.010568331705593329,0.0033163141453733114
282,-0.016910978533215167,-0.020672737743407506,0.008397282038663943
283,-0.0007404144190929953,-0.0027297978427752636,-0.001471401655042847
284,-0.0024255954355931987,-0.004994943252304079,0.033225676836930604
285,0.002578125335560511,-0.006484289766767216,0.00837493371362431
286,0.00408269323235716,-0.019493410628966475,0.010221628843963753
287,0.0069805294766208704,-0.011731987423576055,0.0023371666804722253
288,0.003226761397545885,0.0049896797924133245,9.308933705770572e-05
289,0.006000361804382224,-0.0027333594334833476,0.008099821255391292
290,0.016678725890789902,0.02602293245481052,-0.039561441726210504
291,0.020200221413144114,0.012334553530640292,-0.007683646815477594
292,0.00697830245796418,-0.02429626957716371,0.015986350748179567
293,0.016507536176928347,-0.022245384388891957,0.011117477241498523
294,0.015522721257465599,-0.024383305142065426,-0.0037424032023608417
295,0.01994955332410691,-0.02877000578237455,0.013841585614585424
296,-0.0017198854525809985,-0.03215132353691307,0.011953513434574722
297,-0.0024725705173421625,-0.008450467564598075,0.0033124536829676095
298,-0.002816081284189026,0.001426871912224013,0.0021109517039752564
299,-0.006728883301824081,0.002675489824243092,-0.0035364385115232953
300,-0.018085087555859372,0.025997200760013696,-0.01056664855978632
301,-0.012420793243001192,0.013765515859185656,-0.006831744094728639
302,-0.018227941767869255,-0.023145932991447942,0.011124526606629975
303,-0.01791383834312793,-0.03173595927605148,-0.006132546026631602
304,0.0008435431829346309,-0.004140437507980539,-0.011016739190017671
305,-0.0076356817133246555,-0.008457556857620275,0.005028864614323007
306,0.0023892872578726437,-0.022852605670837994,0.01116855475396316
307,0.005046329003239745,-0.01154275402837628,0.005677392887037048
308,0.0025942132341241824,0.00019413752051218922,0.002129090667393068
309,0.011672109726449388,0.015302783913816276,-0.008354164660395309
310,0.017311206982433845,0.0275277644324293,-0.019560994071643103
311,0.020115590574082864,0.024741679037565557,-0.009966069218636839
312,0.007549316163294216,-0.011330904500824409,-7.060202335926191e-05
313,0.016442820259525294,-0.024217096999161015,-0.0008612696069307708
314,0.008106083452045125,-0.018864799907965,0.0022166892529502866
315,0.014969609525428376,-0.016124650037657215,0.02196731732089925
316,0.01967776703934311,-0.023123950870819216,0.012138582531534395
317,-0.004074821373412251,-0.026059191046144837,0.008225974780158619
318,-0.0017423396482040675,-0.0011319912381804599,0.003010428554796791
319,-0.004780709613389132,0.006451907344586276,-0.0004867280605827008
320,-0.01076727653104739,0.013149015701987649,-0.0032350031713621608
321,-0.01732352257289467,0.031173639331454978,-0.01068193457656632
322,-0.01149247981098088,-0.018465585978154547,0.004069165206170365
323,-0.010994155431975884,-0.009290611031107298,0.023020630572412625
324,0.002753964840912148,-0.00453758387840006,0.001249714250232098
325,0.00035205060631054487,0.0006253569621094905,-0.001616189016175329
326,-0.013924337276344756,-0.02103893475105167,0.0001949667361080959
327,0.0047689339856354165,-0.017635222680988775,0.006408478195497249
328,0.0035155585240151123,-0.01663061061479564,0.013785531834289669
329,0.015107779259795936,0.015991353042397988,-0.009232202616886728
330,0.01771413385429866,0.02774854988611874,-0.021152902042358097
331,0.017168706649114757,0.012995540366518963,-0.012284429483452307
332,0.008832310462887962,-0.012271030349306336,0.0010794204559672615
333,0.014659403326129146,-0.021182913733574157,-5.922670082397774e-05
334,0.02039124637488067,-0.028583275079934377,0.0010068284388610946
335,0.004726188112836207,-0.020160893034985226,0.006173552404037313
336,-0.0021925394633318836,-0.023489800453082008,0.008067063105412366
337,-0.0058326821286325235,-0.026811120975442183,0.012246323307266146
338,-0.0011737574109418995,-0.0016138867424764182,0.004681412450186304
339,-0.005288408559834867,0.01783070222744648,-0.0026196348085002347
340,-0.009789496073562453,0.019233585891868927,-0.0253649709435138
341,-0.008880126246721768,0.00950139406806793,-0.005122322950202773
342,-0.00670553615245757,0.008813126338721304,-0.006778534997328743
343,-0.010801868443263002,-0.01583242560647156,0.0016085942919110315
344,-0.022767217696830128,-0.03468418415028765,0.0006698697400309012
345,-0.0012774041045085407,-0.01871651295537822,0.006027358398889019
346,0.00044369145807832675,-0.0025314707890829215,-0.005031027556266131
347,-0.008579172756257043,-0.011412878065567032,0.004707645948394627
348,-0.0010775242974927332,-0.009466602264835335,0.010438183272232393
349,0.004745218129010036,-0.017073574797727836,0.0058397175524484805
350,0.0008470654048786798,-0.009195089171587977,0.0012194723120748374
351,0.008789070057407115,0.012823790294917044,-0.0036864534645025503
352,0.018701850754202567,0.014641904412834687,-0.009875423958975896
353,0.024387260333075613,0.02672850806342688,-0.019202892171770028
354,0.015679388394228864,-0.017917934744912545,0.008328124330332348
355,0.015046993865228132,-0.02338845683188307,0.00768775922552108
356,0.016444232967949033,-0.024271150709067716,-0.0010001987713138503
357,0.02171292805643908,-0.029425011501637136,0.0025790871125297085
358,0.002698461978590264,-0.022794454624150192,0.030537027349719983
359,-0.003611720038078971,-0.014934771137622859,0.00560135041440361
360,-0.002255985154191663,-0.002891144937986374,0.0023736248213876467
361,-0.003978626466586621,-0.00627464672992446,0.006414071872357881
362,-0.011400124860527626,0.024964737810827014,-0.008033877065286663
363,-0.017978289230364004,0.036292798104804395,-0.020446880031082564
364,-0.02237211860562673,0.04475104220879172,-0.04688162095066853
365,-0.007140922406932163,-0.010520727936265134,0.0034167145055031684
366,-0.014339007392924786,-0.022653709514557262,0.0001790680631821237
367,-0.021188153752599533,-0.03409300678836808,-0.002285357837777332
368,-0.0006392008866371584,-0.023309566976088453,0.010497473658859313
369,0.005483115684505513,0.005098705051729978,-0.002027094613528787
370,-0.005101428845357809,0.001631572169594793,0.01640712760506926
371,-0.014696345366866046,-0.021974070828246647,0.0007253294031082276
372,0.0020795945913680168,-0.005075763847985542,0.0026108667118329223
373,0.004951063509180073,0.008402268105137344,0.0016021628303462265
374,0.014767864349069114,0.015249077569304492,-0.011799277315997631
375,0.021999880961608997,0.026124371064428758,-0.01994938029788336
376,0.008599506690678932,-0.018249496923880493,0.015364342662538066
377,0.007865387778038156,-0.028770849086597855,0.015114229564662483
378,0.018924027630597678,-0.017944736396871924,0.03365908367983239
379,8.481026878642784e-05,-0.010533388934924151,0.005693827409478519
380,0.012103865218528843,-0.007952300882739132,0.022165067375209294
381,-0.003620195108024181,-0.014352964685878471,0.005747632117506923
382,-0.0002930247094503338,0.0019072109143347272,0.002535686005195225
383,-0.003080411251800857,0.003193298126671049,-0.0017076495843888241
384,-0.012823482935493659,0.01502299939979296,-0.023562809470481963
385,-0.01502933909536495,0.025234647577018977,-0.021838147047832
386,-0.010675415812576377,-0.013541382707628752,0.006770788398626517
387,-0.014718328431904314,-0.023850555884326847,-0.0012543397702112422
388,-0.01620324892191553,-0.020835233259068036,0.029742754661998726
389,0.005641344634111607,-0.02063406753582564,0.010561880079458574
390,0.006022822480245202,0.005879451473868759,-0.003674788807198414
391,-0.0056267992935368424,-0.0069720436883991795,0.003208435226124271
392,0.003981659327851425,-0.017472387094424523,0.005661888318433967
393,0.003920842160937306,-0.018293140903594282,0.0052621360435283725
394,0.00576809536773026,-0.0054114304727748445,0.003309615360617923
395,0.004526723170758626,-0.008918652988824454,0.012239257683352923
396,0.015447736396843657,0.02409288137777264,-0.01774574878785456
397,0.02195956666553473,0.02692130696482696,-0.029901228863537407
398,0.0024761909779526005,-0.023705501106486046,0.01607390796088373
399,0.010003172046875399,-0.030550297725091324,0.011811460967238643
400,0.02010119761508687,-0.028213579445374753,0.0032981089769455567
401,0.002092768405577506,-0.00414210147253978,0.0010860890294923826
402,0.008390704613355426,-0.009810299391942386,0.011696266101167935
403,0.01734883889179117,-0.016859460309743175,0.012887235747701887
404,0.002017334547879177,-0.001393556145417611,0.002382574909833641
405,-0.002930642785254448,0.005067853143233525,0.0017809326967779017
406,-0.015471111041196306,0.02305306974706362,-0.0045202975793085486
407,-0.020950779632673586,0.038640230777644356,-0.011927040561619192
408,-0.02096030121968585,0.026259874898174825,-0.01588369267064763
409,-0.009589756672404809,-0.013313502598882131,0.0062685078786952515
410,-0.015573564348910562,-0.026022265594682414,-0.0023841073519392138
411,-0.004070089172031359,-0.010909656473950608,0.001233200720501388
412,-0.005259473863751041,-0.017055647489425604,0.009349608438272382
413,0.003591273657786281,0.010174851351344577,0.00012384983502686242
414,-0.009182205452933386,-0.006099646722046123,0.012388867355685836
415,-0.005837921484905181,-0.022778421631082423,0.01798811527363621
416,0.0031798918740281873,-0.015033841510736274,0.004679266900516361
417,0.0026364210068322395,-0.004328454038058468,0.0027649575813836584
418,0.008198834594659797,0.013354019950123037,-0.0021395922062324817
419,0.016733223189505986,0.01691210692341925,-0.011772332067917817
420,0.009020299283299085,0.009691025900337928,-0.006718834062295637
421,0.021578420085955043,-0.030856321347112577,0.0011868445641931326
422,0.004857571431921449,-0.006640466891080356,0.0008218417398949338
423,0.014514866178244188,-0.012799751491512554,0.013279617270556595
424,0.020025298297239258,-0.020778903018622803,0.01273115757531704
425,-0.0026271424293009935,-0.024804542542940088,0.00693805031596505
426,-0.0016450605666228136,0.00030328478116275646,0.0032096386006310214
427,-0.0018338862034637138,0.0033510025900633737,0.00014479497829921265
428,-0.0075818973259673145,0.008073133241426004,-0.004520337752011487
429,-0.01977740692631932,0.023230431307074563,-0.007929534800810541
430,-0.00663240209075839,-0.01154018701342469,-0.0014631739515675382
431,-0.014707783906970643,-0.021420933338850288,0.002278266748221649
432,-0.007012859861294187,-0.022785503896141947,0.009091488355135326
433,0.0014444922891786258,0.01524570279817815,0.051642018533520614
434,-0.003511280105181088,0.003658986366538301,0.015255498722672005
435,-0.01381510070935839,-0.020485297507390084,0.0007945000197949331
436,-0.0002561403408279558,-0.015774164498877658,0.004182153621673405
437,0.0031905943428071843,0.01409312923365835,-0.001669442677373345
438,0.009014936695690888,0.01458429810909576,-0.00615798429782706
439,0.012962167832926676,0.014116819821609984,-0.008991961168612127
440,-0.0002597805277170626,0.0025601822338154633,-0.0034279991887178236
441,0.002491225289964501,-0.021824483028963254,0.018154561404063657
442,0.01311758374969727,-0.01841804250833693,0.0013341738929341616
443,0.016317394863547132,-0.029672412493939836,-0.004087820559587091
444,0.0011045708962604938,-0.0038970452658698505,0.0008428725238684709
445,0.0029353012422732487,-0.0061509040437826975,0.047066173411071305
446,-0.0031891929200873774,-0.01827581433356576,0.0050508387240742365
447,-0.001620291842754301,-0.0011033378688349658,0.0014756704330506354
448,-0.005075354908026748,0.0014381879978719436,0.002239221802898643
449,-0.01411488429831073,0.016732088048245483,-0.005394313073731054
450,-0.010995040280535969,0.012606328117099422,-0.005120473715303459
451,-0.011143043790639871,0.013569427954835758,-0.004337673611582472
452,-0.009823997459287179,-0.010850397222526037,0.007242690479012982
453,-0.01708618637721915,-0.02750481760036885,-0.0017306234091779525
454,-0.0017505238819050934,-0.006507828277482022,0.0013020449762090255
455,-0.0005080490227426514,-0.0006056810879952115,0.00038977019210603703
456,-0.00810269011255815,-0.005932551912903737,0.010107459187850026
457,0.004493428758532009,-0.021283950376132756,0.0133060686328626
458,0.002342200959857733,-0.006088558480199932,0.002687438973251119
459,0.0016745061381456569,-0.0017659644670131956,0.0019546006860641993
460,0.004022680585524306,0.0026126196683918476,-0.01730005191745423
461,0.007202639408869621,0.008132014055630958,-0.004529991593326378
462,0.005239871394384312,-0.004493588202199613,0.008989701849248102
463,0.021054776330235992,0.01961174161149889,-0.016968914272843028
464,0.010085563870349402,-0.012341818172699009,0.005578831798389243
465,0.01405082216458158,-0.020436496937063762,0.00020244488999048363
466,0.004418180568935418,-0.02435328243195961,0.011136583811414486
467,-0.0015785322148360364,-0.00833354401089724,0.0024774269977862577
468,0.008053202249541267,-0.011861768304957832,0.019217676686007774
469,0.01105939937120002,-0.011713207287573257,0.006375939133653384
470,-0.0017150886824790646,-0.0008667018348048451,0.0035430839106198424
471,-0.00602510544387324,0.00764303467794715,-0.001225702056498433
472,-0.015198405645904889,0.020314883442181277,-0.004591700171248908
473,-0.015471345346095363,0.033261981218783224,-0.01944498848662782
474,-0.01743117684823202,0.022201343964744838,0.005121029392924546
475,-0.01271797082875046,-0.023051814751368336,0.006845897212623173
476,-0.00022446548154716106,-5.423125743961722e-05,0.0004537213231656165
477,-0.010959535864760799,-0.016956895494162197,-0.0002992125275268452
478,0.0005010101944407331,0.0025878643666362522,0.002904628552688228
479,-0.0005951500651119285,-0.009197756883269563,0.007490512075085699
480,-0.011265677902237488,-0.01569238146845823,0.014418059601425094
481,0.00392975498488668,-0.005209024661971722,0.005054193956896484
482,0.0021386005428877934,0.00034570131119888807,0.0017445453937751342
483,0.0071502526085881445,0.00991380752265062,-0.001523210298364601
484,0.011095510278168148,0.013357139044186407,-0.017209449372405802
485,0.016952093478114848,0.019167795957782844,-0.010930830218077305
486,0.02191573122195419,0.02913897686518935,-0.017804205864845244
487,0.007890573086873876,-0.02133677715878207,-0.008721988872995488
488,0.013242765040212693,-0.021392239221956256,-0.003468635936894865
489,0.0010193623399621947,-0.004665340777646571,0.0005500120427497021
490,0.011207401166006532,-0.012560293941259853,0.005540660027361026
491,0.018732003448920613,-0.020435582235539172,0.012162431227714956
492,-0.003125035995146337,-0.01020705545595207,0.006476333315979297
493,-0.0023306653031091467,-0.007870030886702267,0.0034232619166284367
494,0.0004610306092799438,0.0036306930725085234,-0.0011699141562877269
495,-0.019564697889717354,0.027567875665122622,-0.014099178694307362
496,-0.019152220149564973,-0.02585725932091345,0.014234569870322289
497,-0.021039064467340936,-0.03431595815780939,0.008265229621764202
498,-0.0018543448485924684,-0.0026057572560006857,0.0006417113258160266
499,-3.3919996817046364e-05,-0.00028156906116454875,4.399771994307092e-05
